{"cameraMode":{"drawMode":0,"name":"Shaded","section":"Shading Mode"},"sceneLighting":true,"audioPlay":false,"sceneViewState":{"m_AlwaysRefresh":false,"showFog":true,"showSkybox":true,"showFlares":true,"showImageEffects":true,"showParticleSystems":true,"showVisualEffectGraphs":true,"m_FxEnabled":true},"in2DMode":false,"pivot":{"x":25.320133209228517,"y":1.5526063442230225,"z":15.278158187866211},"rotation":{"x":0.17195524275302888,"y":-0.2794429361820221,"z":0.05092364922165871,"w":0.9432857036590576},"size":30.9639949798584,"orthographic":false}