{"cameraMode":{"drawMode":0,"name":"Shaded","section":"Shading Mode"},"sceneLighting":true,"audioPlay":false,"sceneViewState":{"m_AlwaysRefresh":false,"showFog":true,"showSkybox":true,"showFlares":true,"showImageEffects":true,"showParticleSystems":true,"showVisualEffectGraphs":true,"m_FxEnabled":true},"in2DMode":false,"pivot":{"x":7.605413436889648,"y":4.855186462402344,"z":4.162603378295898},"rotation":{"x":0.059388305991888049,"y":-0.9340237379074097,"z":0.3000158369541168,"w":0.18473707139492036},"size":10.639368057250977,"orthographic":false}