{"cameraMode":{"drawMode":0,"name":"Shaded","section":"Shading Mode"},"sceneLighting":false,"audioPlay":false,"sceneViewState":{"m_AlwaysRefresh":false,"showFog":true,"showSkybox":false,"showFlares":true,"showImageEffects":true,"showParticleSystems":true,"showVisualEffectGraphs":true,"m_FxEnabled":true},"in2DMode":false,"pivot":{"x":0.4050000011920929,"y":0.025000005960464479,"z":-0.12000003457069397},"rotation":{"x":0.054269302636384967,"y":-0.03153541684150696,"z":0.0014425755944103003,"w":0.9981603622436523},"size":1.5553295612335206,"orthographic":false}